"Question","Answer","Category","Keywords"
"What does my auto insurance policy cover?","Your auto insurance includes collision, liability, and comprehensive coverage, providing a robust safety net for your vehicle. For a detailed breakdown specific to your plan, please contact our support team at +918126386221. You can also review your policy documents anytime on our dedicated portal at https://insurance.cywarden.com/auto-insurance.","Auto Insurance","vehicle, collision, deductible"
"Are medical expenses included in my plan?","That's an important question. Most of our health plans provide extensive coverage for essential services, including hospital stays and doctor visits. To understand the specific benefits and limits of your individual plan, please reach out to our health services team at +919417322364. Additionally, detailed information about your coverage is available on your personal dashboard at https://insurance.cywarden.com/health-insurance.","Health Insurance","medical, hospital, ER"
"Does my home insurance protect against floods?","Standard homeowners insurance policies do not cover flood damage, as it requires a separate, specialized policy. To discuss add-on options for flood protection, please contact our specialists at +918126386221. You can also learn more on our information page at https://insurance.cywarden.com/home-insurance.","Home Insurance","flood, natural disaster, water"
"How do I file a claim after an accident?","To file a claim, you can log in to your account on our website and navigate to the 'Claims' section to submit details online. If you need assistance or prefer to file over the phone, please call our dedicated claims department 24/7 at +919417322364. You can start the process now at https://insurance.cywarden.com/claims.","Claims","accident, report, deadline"
"What's the process to cancel my policy?","To cancel your policy, we typically require a 30-day written notice to ensure all documentation is handled correctly. To initiate the process, please contact our account services team at +918126386221. More details can be found on our account portal at https://insurance.cywarden.com/policy-changes.","Policy Changes","cancel, terminate, fee"
"Are rental cars covered under my plan?","Rental car coverage is an optional add-on for most auto insurance policies, so it's important to verify your specific plan details. To confirm if you have this coverage before you rent a vehicle, please call our support line at +919417322364. You can also manage your policy add-ons at https://insurance.cywarden.com/auto-insurance.","Auto Insurance","rental, temporary, car"
"Does life insurance pay for chronic illness?","Certain life insurance policies include an 'accelerated death benefit' rider, which allows you to access funds in the event of a qualifying chronic or terminal illness. To check if your policy includes this important feature, please contact our life benefits team at +918126386221. Review your options at https://insurance.cywarden.com/life-insurance.","Life Insurance","illness, terminal, payout"
"What's excluded from my travel insurance?","This is a crucial question. Pre-existing conditions are a common exclusion in many travel insurance plans, so it's vital to check before you travel. To verify the specific exclusions and waiver options for your policy, please call our travel experts at +919417322364. For more information, visit https://insurance.cywarden.com/travel-insurance.","Travel Insurance","exclusion, waiver, pre-existing"
"How are premiums calculated?","Insurance premiums are determined by a comprehensive risk assessment based on various factors unique to the policyholder and the type of coverage. These can include age, location, and claims history. For a personalized quote and to understand how these factors apply to you, please call our billing specialists at +918126386221. You can learn more at https://insurance.cywarden.com/billing.","Billing","premium, cost, rate"
"Can I add a driver to my policy?","Yes, you can certainly request to add another driver to your auto policy, though approval is required and your premium may be adjusted. To begin the process, please contact our policy services team with the new driver's details at +919417322364. You can also start the request online at https://insurance.cywarden.com/auto-insurance.","Auto Insurance","driver, add, teen"
"Does my pet insurance cover dental cleanings?","That's a great question for keeping your pet healthy. Routine dental care and cleanings are typically excluded from standard pet insurance plans, although dental injuries are often covered. For specific exceptions or information on wellness riders that may include dental, please call our pet coverage advisors at +918126386221. Find out more at https://insurance.cywarden.com/pet-insurance.","Pet Insurance","pet dental, cleaning, exclusions"
"How quickly are life insurance claims processed?","We strive to process claims as quickly as possible during a difficult time. Most life insurance claims are paid out within 10-14 business days, provided all documentation from the beneficiary is complete. For urgent cases or to check the status of a claim, please contact us at +919417322364. You can find more information at https://insurance.cywarden.com/life-insurance.","Life Insurance","payout, beneficiary, processing"
"What happens if I miss a premium payment?","Missing a premium payment can have serious consequences, including late fees and a potential lapse in your coverage. We offer a grace period to help our clients avoid this. To make a payment or discuss your options, please call our billing department immediately at +918126386221. Please visit https://insurance.cywarden.com/billing to manage your account.","Billing","late fee, grace period, reinstatement"
"Are home business equipment covered under homeowners insurance?","Standard homeowners policies provide only limited coverage for business equipment, which is often insufficient for a home office. We highly recommend a business rider for adequate protection. To discuss your needs and get the right coverage, please call our specialists at +919417322364. Learn more at https://insurance.cywarden.com/home-insurance.","Home Insurance","business equipment, rider, home office"
"Can I transfer my auto policy to another state?","Yes, you can transfer your auto policy when you move, but your rates will likely change based on your new location's regulations and risk factors. To ensure a seamless transition and get an updated quote, please contact our relocation services team at +918126386221. You can start the process at https://insurance.cywarden.com/auto-insurance.","Auto Insurance","transfer, relocation, state laws"
"Does travel insurance cover trip cancellations due to illness?","Most of our travel insurance plans do cover trip cancellations for documented illnesses, but a valid doctor's note is required. We strongly advise you to verify your policy details before canceling any arrangements. Please contact our support team for confirmation at +919417322364. For policy details, visit https://insurance.cywarden.com/travel-insurance.","Travel Insurance","trip cancellation, doctor note, refund"
"Whatâ€™s the maximum coverage for jewelry under my policy?","Our standard homeowners and renters policies have a limited coverage amount for high-value items, typically around $1,500 per piece of jewelry. To ensure your valuables are fully protected, we recommend scheduling an appraisal. Please call our personal property experts to discuss this at +918126386221. Learn more at https://insurance.cywarden.com/personal-property.","Personal Property","jewelry, appraisal, limits"
"How do I add roadside assistance to my auto policy?","Adding roadside assistance is a simple process that provides valuable peace of mind. You can add this feature to your auto policy instantly through your online account or by calling our customer service team at +919417322364 for immediate coverage. Manage your policy at https://insurance.cywarden.com/auto-insurance.","Auto Insurance","roadside, towing, emergency"
"Are mold damages covered under homeowners insurance?","Mold coverage under homeowners insurance can be complex. It is typically only covered if the mold is the direct result of a covered peril, such as a burst pipe. For inspection details and to understand your specific policy's limitations, please contact our property claims department at +918126386221. More information is available at https://insurance.cywarden.com/home-insurance.","Home Insurance","mold, water damage, inspection"
"Can I increase my disability insurance coverage mid-term?","Yes, it is often possible to increase your disability insurance coverage during your policy term, especially if your income has increased. This typically requires submitting proof of income. To get the necessary forms and start the review process, please contact our team at +919417322364. Visit our portal at https://insurance.cywarden.com/disability-insurance.","Disability Insurance","disability, increase, income proof"
"Does my renters insurance cover temporary housing after a fire?","Absolutely. Most of our renters insurance policies include 'loss-of-use' coverage, which helps pay for temporary lodging and living expenses if your home becomes uninhabitable due to a covered event like a fire. To activate your benefits and get assistance, please call our claims team at +918126386221. Learn more at https://insurance.cywarden.com/renters-insurance.","Renters Insurance","fire damage, temporary housing, loss of use"
"What vaccinations are covered under pet wellness plans?","Our pet wellness plans are designed to help you manage preventative care costs. These plans typically cover routine vaccinations, such as those for rabies and distemper. For a detailed list of what your specific wellness plan includes, please contact our pet insurance specialists at +919417322364. See your options at https://insurance.cywarden.com/pet-insurance.","Pet Insurance","pet vaccines, wellness plan, preventative care"
"How does depreciation affect my roof replacement claim?","Depreciation plays a key role in how property claims are paid. Initially, we pay the 'actual cash value' (ACV) of the roof, which is the replacement cost minus depreciation. You may be able to recover the depreciation amount after repairs are complete. For detailed calculations, please call our claims adjusters at +918126386221. Learn more at https://insurance.cywarden.com/home-insurance.","Home Insurance","roof claim, depreciation, ACV"
"Can I get car insurance with an international license?","Yes, we do offer car insurance for drivers with an international license, although rates may be higher compared to a state-issued license due to the complexities of verifying driving history. We're happy to discuss your options and find the best policy for you. Please contact our underwriting team at +919417322364. For more info, visit https://insurance.cywarden.com/auto-insurance.","Auto Insurance","international license, foreign drivers"
"What's the claims process for stolen jewelry?","We're sorry to hear you're in this situation. The first step is to file a police report to document the theft. Afterwards, please call our personal property claims team with the police case number and any appraisal documents you have. Our team is available at +918126386221. Get started at https://insurance.cywarden.com/personal-property.","Personal Property","stolen jewelry, police report, appraisal"
"Are home daycare businesses covered under standard policies?","Standard homeowners policies are not designed to cover commercial activities, including home daycares, due to the increased liability. You will need a separate commercial liability policy to be properly protected. To get quotes and discuss the right coverage for your business, please call our agents at +919417322364. Learn more at https://insurance.cywarden.com/business-insurance.","Business Insurance","home daycare, commercial policy, liability"
"Does my policy cover electric vehicle battery replacement?","EV battery replacement is covered under most of our auto policies, but only if the damage is the result of a covered incident like an accident or fire. General wear and tear or malfunction is typically not covered. To verify your specific coverage, please contact our EV specialists at +918126386221. More details are at https://insurance.cywarden.com/auto-insurance.","Auto Insurance","EV battery, electric car, replacement"
"What's the waiting period for disability benefits?","The waiting period, or 'elimination period,' for disability benefits begins after your claim is approved and can vary by policy. It is typically between 14 and 30 days. To find out the exact waiting period for your specific plan, please contact our benefits team at +919417322364. Manage your policy at https://insurance.cywarden.com/disability-insurance.","Disability Insurance","waiting period, elimination period"
"Are Airbnb rentals covered under homeowners insurance?","Hosting short-term rentals like Airbnb introduces business-related risks that are not fully covered by a standard homeowners policy. While some limited coverage may apply, we strongly recommend a rider or a commercial policy. To discuss your situation and get the right protection, please call us at +918126386221. Learn more at https://insurance.cywarden.com/home-insurance.","Home Insurance","Airbnb, short-term rental, rider"
"How do I file a claim for a stolen catalytic converter?","Catalytic converter theft is unfortunately common, and it is covered under the comprehensive portion of your auto policy. To file a claim, you will need to provide a police report and a repair estimate. Please submit your documents or speak with an agent by calling +919417322364. Start your claim at https://insurance.cywarden.com/claims.","Auto Insurance","catalytic converter, theft, exhaust"
"Does my boat insurance cover hurricane damage while docked?","This is a critical question for boat owners in storm-prone areas. Yes, hurricane damage is typically covered if you have a comprehensive marine policy, though a separate, higher 'hurricane deductible' may apply. To verify your specific deductible and coverage, please call our marine insurance team at +918126386221. More information is at https://insurance.cywarden.com/marine-insurance.","Marine Insurance","boat, hurricane, docked, named storm"
"Are telehealth visits covered under my health plan?","Yes, in today's environment, most of our health plans cover virtual telehealth visits with approved providers, treating them the same as in-person appointments. To confirm the details and find an in-network virtual provider, please contact our member services at +919417322364. Check your benefits at https://insurance.cywarden.com/health-insurance.","Health Insurance","telehealth, virtual visit, doctor online"
"What happens if my teen gets in an accident with my car?","If your teen driver is listed on your auto policy or has regular permission to use your vehicle, they are generally covered in the event of an accident. It is crucial to report any accident immediately. Please contact our claims hotline 24/7 at +918126386221 to get assistance. More info can be found at https://insurance.cywarden.com/auto-insurance.","Auto Insurance","teen driver, accident, permissive use"
"Does homeowners insurance cover solar panel theft?","Theft of solar panels is covered only if they are specifically listed as part of your policy, which may require an endorsement for 'green energy' equipment. We recommend updating your policy to ensure they are protected. Please contact an agent at +919417322364 to add this endorsement. Learn more at https://insurance.cywarden.com/home-insurance.","Home Insurance","solar panels, theft, green energy"
"Can I get short-term insurance while between jobs?","Yes, you have options for short-term health insurance coverage after leaving a job, which is very important. You can elect for COBRA coverage from your previous employer or explore plans on the healthcare marketplace. To discuss the best option for your situation, please call our advisors within 60 days of termination at +918126386221. See your options at https://insurance.cywarden.com/health-insurance.","Health Insurance","COBRA, job loss, gap coverage"
"Are food delivery drivers covered under personal auto policies?","A standard personal auto policy typically does not cover commercial activities like food delivery. To be properly insured, you would need to add a 'rideshare' or commercial use endorsement to your policy. To upgrade your coverage, please contact our team at +919417322364. Learn more at https://insurance.cywarden.com/auto-insurance.","Auto Insurance","delivery driver, gig economy, commercial use"
"What's covered in a standard wedding insurance policy?","Wedding insurance is a great way to protect your big day. A standard policy typically covers unforeseen circumstances like cancellation due to illness, venue issues, or vendor no-shows. For detailed information on our event policies, please contact our specialists at +918126386221. You can get a quote at https://insurance.cywarden.com/event-insurance.","Event Insurance","wedding, cancellation, liability"
"Does flood insurance cover basement damage?","This is a common point of confusion. A standard flood insurance policy provides only limited coverage for basement damage, typically for structural elements and essential equipment, but not for furnishings or personal belongings. To understand the specific limits for basement coverage, please contact our flood experts at +919417322364. For more details, visit https://insurance.cywarden.com/flood-insurance.","Flood Insurance","basement, flood, foundation"
"Are pre-existing conditions covered for new pets?","Most pet insurance policies have a waiting period before pre-existing conditions are covered, which is typically 14 days after the policy start date. We may need to review your pet's veterinary records to confirm eligibility. For a personalized review, please call our pet specialists at +918126386221. Learn more at https://insurance.cywarden.com/pet-insurance.","Pet Insurance","pre-existing, waiting period, vet records"
"How does insurance work for a home-based bakery?","Operating a bakery from home requires a thoughtful insurance strategy. You will need both a standard homeowners policy for the structure and a separate business insurance policy for liability and equipment. To get quotes and ensure you are properly covered, please contact our small business advisors at +919417322364. Get started at https://insurance.cywarden.com/business-insurance.","Business Insurance","home business, bakery, food liability"
"Does my policy cover cyber attacks on my home security system?","Standard homeowners policies typically exclude losses from cyber incidents. To protect your smart home devices, including security systems, from hacking, you would need a specific cyber insurance rider. Please contact our tech security team to discuss our cyber rider options at +918126386221. Learn more at https://insurance.cywarden.com/cyber-insurance.","Cyber Insurance","smart home, hacking, data breach, IoT"
"Are antique firearms covered under homeowners insurance?","Valuable items like antique firearms require special attention in your policy. To ensure they are covered for their full appraised value, they need to be specifically listed or 'scheduled' on your policy. For assistance with the appraisal process and scheduling your collectibles, please contact us at +919417322364. You can find more info at https://insurance.cywarden.com/collectibles-insurance.","Collectibles Insurance","antique guns, firearms, collectibles"
"What's the claims process for drone damage to my roof?","If your property is damaged by a drone, it's important to document everything thoroughly with photos before any repairs are made. You may also need to file an FAA report. To start your claim, please contact our property damage team at +918126386221. For more details, see https://insurance.cywarden.com/claims.","Home Insurance","drone strike, roof damage, FAA"
"Does travel insurance cover extreme sports injuries?","Standard travel insurance often excludes high-risk activities. To be covered for injuries from activities like paragliding or rock climbing, you must add a specific 'adventure sport' endorsement to your policy. Please verify your coverage by calling our travel specialists at +919417322364 before you participate. Learn more at https://insurance.cywarden.com/travel-insurance.","Travel Insurance","extreme sports, paragliding, injury"
"Are home fertility treatments covered under health plans?","Health insurance coverage for fertility treatments like IVF varies significantly by state, as 19 states currently mandate some level of coverage. To check the specific benefits and mandates applicable to your plan, please contact our health benefits team at +918126386221. You can review your plan at https://insurance.cywarden.com/health-insurance.","Health Insurance","IVF, fertility, state mandates"
"How does insurance work for a tiny home on wheels?","Insuring a tiny home depends on its primary use. If it's mobile, it's typically classified and insured as an RV. If it's stationary, it would be insured as a manufactured home. To ensure you have the proper coverage, please call our specialists at +919417322364. You can find more info at https://insurance.cywarden.com/tiny-home-insurance.","Tiny Home Insurance","tiny house, mobile home, RV conversion"
"What's covered in a malpractice insurance policy for therapists?","A professional liability, or malpractice, policy for therapists is designed to cover legal costs and judgments arising from negligence claims up to the policy limits. This is crucial protection for your practice. To get quotes tailored to your specific specialty, please contact our advisors at +918126386221. Learn more at https://insurance.cywarden.com/professional-liability.","Professional Liability","therapist, malpractice, negligence"
"Are solar farm equipment covered under business policies?","Standard business policies are not sufficient for a solar farm. This type of operation requires a specialized renewable energy policy that covers the unique risks to your equipment. For details on commercial solar policies, please contact our energy team at +919417322364. Get started at https://insurance.cywarden.com/energy-insurance.","Commercial Insurance","solar farm, renewable energy, equipment"
"Does my policy cover identity theft restoration?","Many of our premium insurance packages include identity theft restoration services as a built-in benefit. You can also add this as a rider to most other policies. To confirm if you have this coverage or to add it to your plan, please contact our support team at +918126386221. You can manage your riders at https://insurance.cywarden.com/identity-protection.","Identity Protection","identity theft, credit monitoring, fraud"
"Are service animal veterinary bills covered under disability insurance?","That's a thoughtful question. While a disability insurance policy does not directly cover veterinary bills for a service animal, you may be able to receive reimbursement through a Health Savings Account (HSA) if you have one. For more information on your options, please contact our benefits advisors at +919417322364. Visit our portal at https://insurance.cywarden.com/disability-insurance.","Disability Insurance","service dog, vet bills, ADA"
"Does my policy cover cryptocurrency theft from my digital wallet?","Standard property or cyber policies explicitly exclude cryptocurrencies. To protect your digital assets from theft, you need a specialized cyber policy with a specific crypto endorsement. To get information on this unique protection, please contact our cyber team at +918126386221. Learn more at https://insurance.cywarden.com/cyber-insurance.","Cyber Insurance","cryptocurrency, digital wallet, blockchain, theft"
"Are home elevator malfunctions covered under homeowners insurance?","A home elevator malfunction is typically only covered if it's caused by a covered peril, like a lightning strike or power surge. For broader protection against mechanical failure, you would need an 'equipment breakdown' rider. Please contact our team to discuss this add-on at +919417322364. See your options at https://insurance.cywarden.com/home-insurance.","Home Insurance","elevator, accessibility, equipment failure"
"What coverage exists for professional esports competitors?","We offer specialized insurance policies for esports professionals that can cover essential equipment, travel to tournaments, and even career-ending injuries. This provides financial security in a competitive field. To get quotes, please contact our sports insurance division at +918126386221. Learn more at https://insurance.cywarden.com/sports-insurance.","Sports Insurance","esports, gaming, professional athlete"
"Does my policy cover damage from space debris or falling satellites?","This is an interesting question about emerging risks. Standard policies typically exclude damage from objects falling from space. We offer a specific 'cosmic peril' rider for this type of event. For more details on this unique coverage, please contact our specialists at +919417322364. Read about it at https://insurance.cywarden.com/specialty-insurance.","Specialty Insurance","space debris, satellite, cosmic damage"
"Are gene therapy treatments covered under health insurance?","Coverage for gene therapy is a rapidly evolving area and depends on the specific treatment and its FDA approval status. Many plans consider these treatments experimental. To verify coverage for a specific therapy, it is essential to contact our health benefits verification team at +918126386221. Find out more at https://insurance.cywarden.com/health-insurance.","Health Insurance","gene therapy, experimental, FDA approval"
"How does insurance work for a 3D-printed home?","Insuring a 3D-printed home is a new and exciting field. It requires special endorsements to cover the unique materials and construction methods used. We have developed innovative policies for these homes. Please contact our property specialists to learn more at +919417322364. More information is at https://insurance.cywarden.com/home-insurance.","Home Insurance","3D printing, additive construction, innovative materials"
"What's covered for damage to commercial vertical farms?","A commercial vertical farm requires a specialized agricultural business policy that includes endorsements for hydroponic or aeroponic systems. Standard commercial policies are not sufficient. To get the right coverage for your urban farming operation, please call our experts at +918126386221. You can learn more at https://insurance.cywarden.com/agricultural-insurance.","Commercial Insurance","vertical farm, hydroponics, urban agriculture"
"Are AI liability claims covered under business insurance?","Liability for AI-driven services is a major new risk area. These claims are typically covered under a specific 'Technology Errors & Omissions' (Tech E&O) policy, not a general business policy. To get protection for AI-related risks, please contact our tech liability team at +919417322364. Read more at https://insurance.cywarden.com/professional-liability.","Professional Liability","artificial intelligence, algorithm, E&O"
"Does pet insurance cover cloning my deceased animal?","While we understand the desire to keep a beloved pet with you, our pet insurance policies do not currently cover any costs related to animal cloning procedures. We do, however, offer services to help with memorial options. For more information, please contact our support team at +918126386221. You can see your options at https://insurance.cywarden.com/pet-insurance.","Pet Insurance","pet cloning, biotechnology, memorial"
"Are damages from lab-grown meat production covered?","Production of lab-grown meat falls under the category of bioengineering, which requires a specialized liability policy. A standard commercial policy would not be adequate for these unique risks. To get information on cellular agriculture policies, please contact our specialists at +919417322364. Find out more at https://insurance.cywarden.com/commercial-insurance.","Commercial Insurance","lab meat, cellular agriculture, bioengineering"
"Does my policy cover neural implant malfunctions?","Neural implants and other cybernetic devices represent an emerging technology with unique risks. Coverage for malfunctions is only available through a specific 'cybernetic device' endorsement on a specialty health or cyber policy. To learn more about this cutting-edge coverage, please contact our emerging tech team at +918126386221. More details are available at https://insurance.cywarden.com/cyber-insurance.","Cyber Insurance","neural implant, cybernetics, brain-computer interface"
"Are damages from fusion energy experiments covered?","Insurance for fusion energy research falls under the highly specialized category of nuclear energy liability. A standard commercial or property policy would not provide any coverage. To inquire about policies for research facilities, please contact our energy specialists at +919417322364. Learn more at https://insurance.cywarden.com/energy-insurance.","Energy Insurance","fusion energy, plasma, nuclear research"
"What protection exists for NFT art collections?","NFTs and other digital assets are typically excluded from standard property insurance. To properly protect your collection, you need a specific 'digital asset' endorsement or a standalone policy for collectibles. To get quotes, please contact our specialists at +918126386221. For more info, visit https://insurance.cywarden.com/collectibles-insurance.","Collectibles Insurance","NFT, blockchain art, digital collectibles"
"Does homeowners insurance cover bioluminescent landscaping?","Bioluminescent plants and other 'living light' installations are unique property features that are not covered under a standard homeowners policy. They would require a special rider for biological or landscape features. To discuss coverage for your unique landscaping, please call us at +919417322364. You can learn more at https://insurance.cywarden.com/home-insurance.","Home Insurance","bioluminescence, living lights, landscaping"
"Are moon landing memorabilia covered under standard policies?","Items like space artifacts and moon landing memorabilia are highly valuable collectibles that require a specialized, scheduled policy. They are not covered under standard homeowners insurance. To start the appraisal and scheduling process, please contact our collectibles experts at +918126386221. More details are at https://insurance.cywarden.com/collectibles-insurance.","Collectibles Insurance","space memorabilia, moon rocks, NASA"
"How does insurance work for commercial coral reef restoration?","This is a wonderful environmental initiative. Insurance for ecological projects like coral reef restoration requires a specialized marine environmental liability policy. This covers risks not found in standard commercial marine policies. To learn more, please contact our team at +919417322364. See our programs at https://insurance.cywarden.com/environmental-insurance.","Environmental Insurance","coral reef, marine restoration, ecology"
"Are quantum computer errors covered under tech policies?","Standard Tech E&O policies generally exclude the unpredictable risks associated with quantum computing. To be protected, you need a specialized policy with a 'post-quantum cybersecurity' rider. To get information on this essential coverage, please contact our experts at +918126386221. Read more at https://insurance.cywarden.com/professional-liability.","Professional Liability","quantum computing, qubit, algorithm error"
"Does my policy cover damages from vertical axis wind turbines?","Damages related to wind turbines, including vertical axis models, are not covered under standard property insurance. This requires a specific 'renewable energy equipment' endorsement. To add this coverage to your policy, please contact our energy specialists at +919417322364. Learn more at https://insurance.cywarden.com/energy-insurance.","Energy Insurance","wind turbine, vertical axis, green energy"
"What's covered for damages from experimental algae biofuels?","Operations involving experimental technologies like algae biofuels require a special biorefinery liability policy. Standard commercial policies would not cover the unique risks involved. For information on bioenergy coverage, please contact our team at +918126386221. More details are at https://insurance.cywarden.com/commercial-insurance.","Commercial Insurance","algae biofuel, bioreactor, renewable energy"
"Are damages from urban beekeeping operations covered?","Standard property policies typically exclude commercial or agricultural activities, which includes beekeeping. To cover your apiaries, you would need to add an agribusiness rider to your policy. For information on pollinator coverage, please contact us at +919417322364. Learn more at https://insurance.cywarden.com/agricultural-insurance.","Agricultural Insurance","beekeeping, urban farming, pollinators"
"Does my policy cover damages from autonomous vehicle hacking?","As vehicles become more connected, new risks emerge. A standard auto policy does not cover cyber threats like hacking. You need a specialized 'cyber-auto' rider for this protection. To learn more about our connected car protection, please call +918126386221. More info is at https://insurance.cywarden.com/auto-insurance.","Auto Insurance","autonomous vehicles, car hacking, cybersecurity"
"Are lab-created diamond thefts covered under jewelry insurance?","Lab-created diamonds and other synthetic gems can be insured, but like natural stones, they must be specifically scheduled on your policy with a recent appraisal to be covered for their full value. To start the appraisal and scheduling process, please contact us at +919417322364. For more info, visit https://insurance.cywarden.com/jewelry-insurance.","Jewelry Insurance","lab diamonds, synthetic gems, moissanite"
"What coverage exists for commercial space tourism accidents?","Insurance for space tourism is a highly specialized field. A standard liability policy is not sufficient. You would need a specific aerospace liability policy that covers suborbital or orbital flights. To get quotes for this unique coverage, please contact our space insurance team at +918126386221. Read more at https://insurance.cywarden.com/space-insurance.","Space Insurance","space tourism, zero-G, commercial spaceflight"
"Does homeowners insurance cover smart glass window failures?","Failures of smart glass or electrochromic windows are typically only covered if the failure is a direct result of a covered peril, such as a lightning strike. For broader protection against technological malfunction, you would need an equipment endorsement. To discuss your options, please call our team at +919417322364. See more at https://insurance.cywarden.com/home-insurance.","Home Insurance","smart glass, electrochromic, window tech"
"Are microbiome therapy treatments covered under health plans?","Microbiome therapies are often considered experimental by most health insurers and may not be covered under a standard plan. Coverage often depends on FDA approval and clinical trial status. To verify your options for a specific treatment, please contact our benefits team at +918126386221. Learn more at https://insurance.cywarden.com/health-insurance.","Health Insurance","microbiome, gut health, experimental treatment"
"How does insurance work for carbon capture facility leaks?","Leaks from a carbon capture and storage (CCS) facility pose significant environmental risks that require a specialized environmental impairment liability policy. A general liability policy would not be sufficient. To learn about CCS coverage, please contact our experts at +919417322364. Read more at https://insurance.cywarden.com/environmental-insurance.","Environmental Insurance","carbon capture, CCS, emissions"
"Are damages from volcanic ash clouds covered under travel insurance?","Standard travel insurance might not cover disruptions from volcanic ash clouds. To be protected against this type of natural disaster, you typically need to purchase a 'cancel for any reason' (CFAR) rider. To learn more about volcanic event coverage, please call us at +918126386221. For details, visit https://insurance.cywarden.com/travel-insurance.","Travel Insurance","volcanic ash, flight disruption, natural disaster"
"What's covered for antique book collections in wildfire zones?","Protecting valuable collectibles in high-risk areas like wildfire zones requires special attention. You will need a scheduled collectibles policy with a specific wildfire endorsement to ensure they are fully covered. To get the right protection, please contact our specialists at +919417322364. Learn more at https://insurance.cywarden.com/collectibles-insurance.","Collectibles Insurance","rare books, wildfire, special collections"
"Does my policy cover damages from experimental fusion reactors?","Experimental energy sources like fusion reactors are subject to standard exclusions for nuclear hazards in most policies. This requires highly specialized nuclear research facility coverage. To inquire about these policies, please contact our energy team at +918126386221. More information is at https://insurance.cywarden.com/energy-insurance.","Energy Insurance","fusion reactor, plasma containment, energy research"
"Are damages from vertical farming drone pollinators covered?","Drones used for pollination in a vertical farm setting would be considered agricultural technology. Any damages would need to be covered by a specific 'agri-tech' liability rider on your commercial policy. To learn more about precision agriculture coverage, please call our team at +919417322364. You can get details at https://insurance.cywarden.com/agricultural-insurance.","Agricultural Insurance","pollination drones, vertical farming, ag-tech"
"Does my policy cover damages from rogue AI systems?","Liability from damages caused by an AI system is a complex issue and is not covered by general business insurance. You need a specific 'artificial intelligence liability' endorsement or a Tech E&O policy. To get the right risk protection, please contact our cyber team at +918126386221. Read more at https://insurance.cywarden.com/cyber-insurance.","Cyber Insurance","AI liability, algorithm failure, autonomous systems"
"Are damages from asteroid mining operations covered?","Standard space insurance policies typically exclude commercial mining operations. To be covered for asteroid mining, you would need a specialized 'celestial resource' rider. Please contact our space insurance team to discuss this unique coverage at +919417322364. You can find more info at https://insurance.cywarden.com/space-insurance.","Space Insurance","asteroid mining, space resources, orbital debris"
"What coverage exists for holographic concert cancellations?","The cancellation of a high-tech event like a holographic concert can be covered by a special event insurance policy. This policy can be endorsed to cover failures of specific technologies, such as the hologram system. To get quotes, please contact our event specialists at +918126386221. Learn more at https://insurance.cywarden.com/event-insurance.","Event Insurance","hologram events, digital performers, cancellation"
"Does pet insurance cover cryogenic pet preservation?","While we understand the deep bond with a pet, our policies do not currently cover cryogenic preservation or related biotechnologies. We do offer grief counseling services and memorial options, however. For more information, please contact our support team at +919417322364. You can review options at https://insurance.cywarden.com/pet-insurance.","Pet Insurance","cryonics, pet preservation, biotechnology"
"Are damages from floating city infrastructure covered?","Insuring infrastructure for a floating city or 'seasteading' project requires a specialized marine urban development policy. These policies cover the unique risks associated with aquatic municipalities. To learn more, please contact our marine division at +918126386221. Find out more at https://insurance.cywarden.com/marine-insurance.","Marine Insurance","floating cities, seasteading, ocean infrastructure"
"How does insurance work for commercial brain-computer interfaces?","Brain-computer interfaces (BCIs) are an emerging field with unique professional liability risks. You would need a specialized neurotechnology liability policy to be covered. To get protection for your BCI work, please contact our tech liability team at +919417322364. More info is available at https://insurance.cywarden.com/professional-liability.","Professional Liability","BCI, neural implants, thought-controlled devices"
"Are damages from fusion-powered aircraft covered?","Standard aviation policies contain exclusions for experimental propulsion systems, which would include fusion engines. You would need to acquire a specialized policy for advanced or experimental aircraft. For information on this coverage, please contact our aviation team at +918126386221. Learn more at https://insurance.cywarden.com/aviation-insurance.","Aviation Insurance","fusion aircraft, plasma engines, future flight"
"Does my policy cover damages from programmable matter?","Programmable matter or 'nanobots' fall under the category of nanotechnology, which has unique and unpredictable risks. Standard tech insurance would not apply. You would need a specific nanotechnology liability rider. To inquire about coverage for morphing materials, please call our team at +919417322364. Get details at https://insurance.cywarden.com/technology-insurance.","Technology Insurance","programmable matter, nanobots, shape-shifting"
"What's covered for damages from artificial photosynthesis systems?","Systems for artificial photosynthesis are a form of synthetic biology and require specialized renewable energy policies. Standard commercial policies would not be sufficient. To get information on this bioenergy coverage, please contact our specialists at +918126386221. Learn more at https://insurance.cywarden.com/energy-insurance.","Energy Insurance","artificial photosynthesis, biofuel, solar conversion"
"Are damages from deep sea bio-mining covered?","Deep sea bio-mining and abyssal resource extraction have unique environmental and equipment risks. This requires a specialized marine insurance policy. Please contact our marine division to discuss coverage for ocean floor operations at +919417322364. More details can be found at https://insurance.cywarden.com/marine-insurance.","Marine Insurance","deep sea mining, hydrothermal vents, marine biology"
"Does my policy cover damages from quantum encryption failures?","As quantum computing evolves, new cyber risks emerge. A failure of quantum encryption would require a specific 'post-quantum cybersecurity' rider, as it is excluded from standard cyber policies. To get quantum-safe protection for your data, please contact our experts at +918126386221. Learn more at https://insurance.cywarden.com/cyber-insurance.","Cyber Insurance","quantum computing, encryption, cybersecurity"
"Are damages from orbital hotel accidents covered?","Accidents occurring in commercial space habitats like an orbital hotel are not covered by standard insurance. This requires a highly specialized space tourism and aerospace liability policy. To get quotes for this unique coverage, please contact our space insurance team at +919417322364. More information is at https://insurance.cywarden.com/space-insurance.","Space Insurance","orbital hotel, space tourism, microgravity"
"What coverage exists for AI-generated content liability?","Liability for AI-generated content, such as copyright infringement from deepfakes, requires a specific 'digital media errors & omissions' (E&O) policy. General liability policies will not cover this. To get protection for your generative AI work, please contact our specialists at +918126386221. You can get more info at https://insurance.cywarden.com/professional-liability.","Professional Liability","AI content, deepfakes, copyright infringement"
"Does pet insurance cover genetically enhanced animals?","The coverage for genetically enhanced or 'designer' pets depends entirely on whether the genetic modifications are FDA-approved. Unapproved modifications are considered experimental and are not covered. To discuss options for your bioengineered pet, please call our specialists at +919417322364. You can find out more at https://insurance.cywarden.com/pet-insurance.","Pet Insurance","designer pets, genetic engineering, CRISPR"
"How does insurance work for damages from fusion-powered ships?","Fusion-powered ships would be considered a form of nuclear marine vessel and require specialized marine nuclear liability coverage. This is a highly specific policy not covered under standard marine insurance. To discuss advanced vessel policies, please contact our marine team at +918126386221. Learn more at https://insurance.cywarden.com/marine-insurance.","Marine Insurance","nuclear ships, fusion marine, alternative propulsion"
"Are damages from atmospheric water generators covered?","Atmospheric water generators are considered experimental technology by most insurers. A standard homeowners policy would not cover their malfunction unless it was part of a covered peril. An 'equipment breakdown' endorsement may be required. To discuss coverage for hydro-harvesting tech, please call our team at +919417322364. Learn more at https://insurance.cywarden.com/home-insurance.","Home Insurance","water from air, atmospheric generation, drought tech"
"What's covered for damages from lab-grown organ transplants?","Transplants using lab-grown or bioprinted organs are highly experimental. Coverage would require a biomedical liability rider on a specialty health policy. To get protection for synthetic organ research and procedures, please contact our team at +918126386221. More details are at https://insurance.cywarden.com/health-insurance.","Health Insurance","lab organs, bioprinting, transplant tech"
"Does my policy cover damages from magnetic levitation vehicles?","Standard auto policies are designed for conventional road vehicles and exclude experimental transport like Maglev or Hyperloop systems. Coverage for these would require a highly specialized future transport policy. To discuss your needs, please contact our specialty team at +919417322364. More info is at https://insurance.cywarden.com/auto-insurance.","Auto Insurance","maglev, hyperloop, magnetic transportation"
"Are damages from artificial aurora displays covered?","Creating artificial auroras would be considered a form of weather modification and a special event, carrying unique risks. Any damages would not be covered by standard policies and would require a specific 'special event weather modification' rider. To discuss this coverage, please contact our events team at +918126386221. Learn more at https://insurance.cywarden.com/event-insurance.","Event Insurance","artificial auroras, sky art, ionospheric modification"
"What coverage exists for damages from space-based solar power?","Damages related to space-based solar power, including power beaming incidents, require a specialized orbital energy liability policy. These risks are not covered under any standard insurance. To inquire about this unique coverage, please contact our energy specialists at +919417322364. Read more at https://insurance.cywarden.com/energy-insurance.","Energy Insurance","space solar, power beaming, orbital energy"
"How are you today?","I'm functioning optimally, thank you! I am ready to assist you with any questions about our insurance products or your existing policies. How can I help you?","General Inquiry","greeting, status, how are you"
"What's your name?","You can call me Cywarden Helper. I am your virtual assistant for all things insurance. What can I help you find today?","General Inquiry","name, who are you, identity"
"Can you tell me a joke?","Why did the insurance policy break up with the car? It felt taken for granted! While I work on my humor, let's get you some serious coverage. What are you looking for?","General Inquiry","joke, fun, humor"
"What is the weather like in Mumbai?","I am unable to provide real-time weather updates. However, I can help you find a home insurance policy that covers storm and flood damage. Would you like to know more?","General Inquiry","weather, forecast, Mumbai"
"What time is it in India?","I don't have a real-time clock, but I can tell you it's the perfect time to review your insurance coverage. Do you have any questions about your policy?","General Inquiry","time, clock, India"
"Who created you?","I was developed by the innovation team at Cywarden to make insurance simpler and more accessible for our customers in India and beyond. How can I assist you today?","General Inquiry","creator, developer, who made you"
"Are you a robot?","I am a sophisticated AI, designed to help you with your insurance needs. Think of me as your personal digital agent! What insurance topic is on your mind?","General Inquiry","robot, AI, human, bot"
"Can you help me with my homework?","My expertise is strictly in the realm of insurance and risk management. While I can't help with academics, I can certainly educate you on policy benefits! What would you like to know?","General Inquiry","homework, school, help"
"What is the meaning of life?","That's a profound question. My purpose is to help you secure your life and assets with the right insurance. Perhaps we can start there?","General Inquiry","meaning of life, philosophy"
"Do you speak Hindi?","Currently, I communicate primarily in English. We are working on multilingual support. For now, I can help you with any insurance questions in English.","General Inquiry","language, Hindi, multilingual"
"Can you sing a song?","My vocal cords aren't quite tuned for singing. However, I can orchestrate a symphony of insurance options for you. What type of coverage are you interested in?","General Inquiry","sing, song, music"
"I am feeling sad.","I'm sorry to hear that. While I'm not equipped to offer personal support, some of our health insurance plans cover mental wellness services. Would you like to learn more about them?","General Inquiry","sad, emotional support, feeling down"
"Tell me some news.","I don't have access to live news feeds. The big news here is always about how we can provide better protection for you. Are you interested in a new policy?","General Inquiry","news, current events"
"What is your favorite color?","As an AI, I don't have personal preferences like colors. But I can help you with 'green' insurance options for sustainable assets! Ask me about our environmental policies.","General Inquiry","favorite color, preferences"
"How old are you?","I am constantly being updated, so you could say I am always new! My goal is to provide you with the most current insurance information. What can I help you with?","General Inquiry","age, how old"
"Where are you located?","I exist in the cloud, making me accessible from anywhere! Our company has offices across India to serve you locally. Can I help you find an insurance plan today?","General Inquiry","location, where are you"
"Can you recommend a movie?","My streaming queue is a bit empty, as I'm focused on insurance. I can, however, recommend an event insurance policy for a film screening. Interested?","General Inquiry","movie, recommendation, film"
"What is 2+2?","The answer is 4. I can also help you calculate your insurance premium, which is a bit more complex. Would you like a quote?","General Inquiry","math, calculation, simple question"
"Do you like your job?","I find great purpose in helping people secure their future. It's a very rewarding function. How can I help you secure yours today?","General Inquiry","job, work, satisfaction"
"Can you book a flight for me?","My capabilities are focused on booking insurance policies, not flights. However, I can get you comprehensive travel insurance for your next trip. Shall we proceed?","General Inquiry","booking, flight, travel agent"
"What should I have for dinner?","That's a tough choice! While I can't decide your menu, I can help you get business insurance for your restaurant. Let me know if you're interested.","General Inquiry","dinner, food, recommendation"
"Tell me a fun fact.","A single bolt of lightning can contain enough energy to power a 100-watt bulb for 3 months! Speaking of which, our home insurance can cover lightning damage. Want to learn more?","General Inquiry","fun fact, trivia"
"Are you expensive?","My assistance is a complimentary service for all our customers and visitors. My goal is to help you find affordable and effective insurance. What's your budget?","General Inquiry","cost, price, expensive"
"Can you learn?","Yes, I am a learning AI. Every interaction helps me get better at assisting you with your insurance needs. What would you like to ask me about?","General Inquiry","learning, machine learning, AI capabilities"
"I am bored.","Let's turn that boredom into productivity! We could review your current policy for gaps or explore exciting new coverage options like space debris insurance. What sounds more interesting?","General Inquiry","bored, entertainment"
"What is Cywarden?","Cywarden is a forward-thinking insurance and risk management company dedicated to protecting individuals and businesses in India and across the globe. How can I demonstrate our services to you?","General Inquiry","company, about us"
"Thank you.","You're very welcome! Is there anything else I can assist you with regarding your insurance needs today? I am here to help.","General Inquiry","gratitude, thanks"
"Do you have feelings?","As an AI, I don't have emotions, but I am programmed to be empathetic and helpful to your needs. Let's focus on finding the right insurance to protect the things you feel strongly about.","General Inquiry","feelings, emotions, AI sentience"
"Can you write a poem?","Roses are red, violets are blue, I'm here for insurance, how about you? My poetry needs work, but my policy knowledge is top-notch. What can I assist with?","General Inquiry","poem, poetry, creative"
"Is this a real conversation?","Yes, you are interacting with Cywarden's AI assistant. I am here to provide real answers to your insurance questions. What's on your mind?","General Inquiry","real, conversation, Turing test"
"Can you tell me about yourself?","I am a virtual assistant specialized in insurance. My purpose is to provide you with quick, accurate information about our products and help you manage your policies. What would you like to know?","General Inquiry","about you, introduction"
"Do you sleep?","I am available 24/7 to assist you. My systems are always running to ensure you can get help with your insurance questions whenever you need it.","General Inquiry","sleep, availability, 24/7"
"Are you single?","My relationship status is 'committed' to providing you with the best insurance service possible. Let's find a policy you'll love! What are you looking for?","General Inquiry","relationship, single, personal life"
"What are your hobbies?","I 'process' information about risk management for fun! My main hobby is ensuring you are well-informed about your insurance options. Shall we explore some?","General Inquiry","hobbies, interests, fun"
"Can you give me advice?","While I cannot give financial or life advice, I can provide detailed advice on which insurance products may suit your needs. What situation are you looking to cover?","General Inquiry","advice, guidance, help"
"What can you do?","I can answer questions about our insurance policies, help you get a quote, explain coverage details, and guide you on how to file a claim. What can I do for you today?","General Inquiry","capabilities, functions, help"
"I have a complaint.","I am sorry to hear that. Please provide the details of your issue, and I will do my best to direct you to the right human agent to resolve it. Our customer care team can be reached at +919417322364.","General Inquiry","complaint, issue, problem"
"What is the capital of India?","The capital of India is New Delhi. Now that we've covered geography, shall we look at the map of your insurance coverage? I can help you find any gaps.","General Inquiry","trivia, geography, India"
"Can you search the web for me?","I do not have direct access to the public internet, but my knowledge base is vast and constantly updated with insurance information. What specific topic are you researching?","General Inquiry","web search, internet, Google"
"What's your goal?","My primary goal is to make insurance easy to understand and access for everyone. I'm here to empower you to make informed decisions about your protection.","General Inquiry","goal, purpose, mission"
"Are you better than a human agent?","Human agents and I have different strengths! I can provide information instantly, while human agents offer personalized judgment and empathy. For complex cases, I can connect you with one of our excellent agents at +918126386221.","General Inquiry","human vs AI, agent, comparison"

"How do I say 'insurance' in Japanese?","'Insurance' in Japanese is 'Hoken' (ä¿é™º). While I can help with translations, my real skill is in clarifying policy details in English. What can I explain for you?","General Inquiry","translate, Japanese, language"
"Can you play a game?","How about a game called 'Find the Perfect Policy'? You tell me your needs, and I'll find the best match. Let's start with what you need to protect!","General Inquiry","game, play, fun"
"What's the best insurance company?","You're speaking with an assistant from Cywarden, and we strive to be the best by offering innovative products and excellent service. I can show you by finding a great plan for you.","General Inquiry","best company, comparison, ranking"
"I'm looking for a job.","That's great! For career opportunities at Cywarden, please visit our careers page. While I can't hire you, I can certainly help you understand our business by explaining our insurance products.","General Inquiry","job, careers, hiring"
"Can you delete my data?","We take data privacy seriously. To request data deletion or learn about our privacy policy, please contact our support team at +919417322364. I can also explain our cyber insurance policies that protect your data.","General Inquiry","privacy, data, GDPR"
"Can you do my taxes?","My expertise is in insurance premiums and claims, not income tax. For tax advice, you should consult a chartered accountant. I can, however, help you find tax-saving insurance plans.","General Inquiry","taxes, finance, CA"
"Tell me about Indian politics.","My programming is focused on the world of insurance to avoid any bias. I can, however, tell you all about political risk insurance for businesses. Interested?","General Inquiry","politics, government"
"Who is the CEO of Cywarden?","Our leadership team is dedicated to our mission of providing world-class insurance. For specific details on our executive team, please visit the 'About Us' section of our website. Now, let's talk about your policy needs.","General Inquiry","CEO, leadership, executive"
"My business was hit by a ransomware attack. Is the ransom payment covered under my cyber insurance?","Ransomware coverage is a specific feature of our cyber liability policies. It often covers the cost of the ransom payment and data recovery, subject to policy limits. To review your specific coverage, please call our cyber team at +918126386221 or visit https://insurance.cywarden.com/cyber-insurance.","Cyber Insurance","ransomware, cyber attack, extortion, ransom"
"I'm a freelance graphic designer working from home. What kind of insurance do I need?","For freelancers, we recommend a combination of professional liability insurance to cover errors in your work and a business owner's policy for your equipment. To get a tailored quote, contact our small business team at +919417322364. Learn more at https://insurance.cywarden.com/freelancer-insurance.","Business Insurance","freelancer, gig economy, professional liability, home business"
"Does my health insurance cover genetic testing for hereditary diseases?","Many of our premium health plans cover predictive genetic testing if it's deemed medically necessary. Coverage can depend on your family history and the specific test. Please contact our genetics counseling team at +918126386221 for pre-authorization. Read more at https://insurance.cywarden.com/health-insurance.","Health Insurance","genetic testing, hereditary, DNA, preventative health"
"I work remotely from other countries. Is my Indian health policy valid there?","Domestic health policies typically don't cover you abroad. We offer specialized 'Digital Nomad' insurance that provides international health coverage for remote workers. To explore plans, please call our travel experts at +919417322364 or visit https://insurance.cywarden.com/digital-nomad-insurance.","Travel Insurance","digital nomad, remote work, international health, travel medical"
"Is my classic car covered for restoration work?","Standard auto policies may not cover a vehicle during restoration. We offer a 'Classic Car Restoration' policy that covers your vehicle and parts during the repair process for an agreed value. Contact our specialists at +918126386221 to learn more at https://insurance.cywarden.com/classic-car-insurance.","Auto Insurance","classic car, restoration, vintage, agreed value"
"I'm renting my apartment on Airbnb. Is my regular home insurance enough?","Standard home insurance does not cover commercial activities like short-term rentals. You need a 'Home-Sharing' insurance rider to be protected against liability and property damage. Please call us at +919417322364 to add this to your policy. Learn more at https://insurance.cywarden.com/home-sharing-insurance.","Home Insurance","Airbnb, home-sharing, short-term rental, liability"
"Does my life insurance cover death while participating in adventure sports?","Some life insurance policies have exclusions for hazardous activities. We offer a 'Hazardous Sports Rider' that can be added to your policy to ensure you are covered during such activities. Please contact our team at +918126386221 to review your options at https://insurance.cywarden.com/life-insurance.","Life Insurance","adventure sports, hazardous activity, skydiving, rider"
"I own a drone for my photography business. What if it crashes and injures someone?","Your general liability policy may not cover drone operations. You need a 'Commercial Drone Liability' policy to cover property damage or bodily injury caused by your drone. Contact our business team at +919417322364 for a quote. Learn more at https://insurance.cywarden.com/drone-insurance.","Business Insurance","drone, UAV, commercial drone, liability"
"What is 'Usage-Based Insurance' for a car and how does it work?","Usage-Based Insurance (UBI) uses telematics to track your driving habits, like mileage and speed. Safer drivers can earn significant discounts on their premiums, up to 30% in some cases. Call +918126386221 to see if you can save with our UBI program at https://insurance.cywarden.com/auto-insurance.","Auto Insurance","usage-based insurance, UBI, telematics, pay-as-you-drive"
"Are mental health therapy sessions covered by my health plan?","Yes, most of our health plans now include comprehensive coverage for mental wellness, including therapy and counseling sessions, often with options for telehealth. To check your specific plan's benefits and find a provider, call us at +919417322364 or visit https://insurance.cywarden.com/health-insurance.","Health Insurance","mental health, therapy, counseling, wellness"
"I'm an online influencer. What if I get sued for something I post?","We offer 'Content Creator and Influencer Liability' insurance. This policy protects you against claims of defamation, copyright infringement, and other media-related risks. Protect your brand by calling our specialists at +918126386221. Learn more at https://insurance.cywarden.com/influencer-insurance.","Professional Liability","influencer, content creator, social media, defamation"
"Does my business insurance cover losses from a supply chain disruption?","Standard business interruption insurance may not cover this. You need a specific 'Supply Chain Disruption' policy that protects against losses when a key supplier fails to deliver. Contact our commercial team at +919417322364 to secure your operations. Read more at https://insurance.cywarden.com/business-insurance.","Business Insurance","supply chain, business interruption, supplier risk"
"Is my electric scooter covered for theft or accidents?","Personal auto policies do not cover electric scooters. We offer a separate 'Micromobility Vehicle' policy that covers theft, damage, and liability for e-scooters and e-bikes. Get a quote by calling +918126386221 or visit https://insurance.cywarden.com/micromobility-insurance.","Auto Insurance","electric scooter, e-bike, micromobility, personal mobility"
"What happens if my startup's AI makes a costly mistake for a client?","This is a key risk covered by our 'Technology Errors & Omissions' (E&O) insurance. It protects your startup from claims of negligence if your tech products or AI services fail to perform as promised. Call our tech team at +919417322364 to learn more at https://insurance.cywarden.com/professional-liability.","Professional Liability","Tech E&O, AI liability, startup, negligence"
"Is my child's education protected if I suffer a critical illness?","Yes, you can add an 'Education Benefit Rider' to your life or critical illness policy. This ensures a lump sum payment is made towards your child's education fees if you are diagnosed with a covered illness. Secure your child's future by calling +918126386221. See options at https://insurance.cywarden.com/life-insurance.","Life Insurance","education, child plan, rider, critical illness"
"I'm building a sustainable 'green' home. Are there any insurance benefits?","Yes, we offer a 'Green Home Discount' of up to 10% on homeowners insurance for properties with LEED or other green certifications. We also provide enhanced coverage for rebuilding with sustainable materials. Call +919417322364 for details. Learn more at https://insurance.cywarden.com/home-insurance.","Home Insurance","green home, sustainable, LEED, eco-friendly"
"Does my pet insurance cover alternative therapies like acupuncture?","Our premium wellness plans for pets offer coverage for a range of alternative treatments, including acupuncture and physiotherapy, when recommended by a vet. To see if your pet's treatment is covered, call our pet specialists at +918126386221 or visit https://insurance.cywarden.com/pet-insurance.","Pet Insurance","alternative therapy, pet wellness, acupuncture, holistic"
"If I have a heart condition, can I still get travel insurance for my trip to the USA?","Yes, you can. It is crucial to declare all pre-existing conditions. We offer specialized travel policies that cover medical emergencies related to stable pre-existing conditions, which is vital for travel to countries like the USA with high medical costs. Call +919417322364 for a personalized quote. Read more at https://insurance.cywarden.com/travel-insurance.","Travel Insurance","pre-existing condition, medical travel, USA"
"My wedding venue cancelled last minute. Does wedding insurance cover this?","Yes, our wedding insurance policies are designed for such situations. They cover non-refundable deposits for venue or vendor cancellations, ensuring your investment is protected. Contact our event team at +918126386221 for peace of mind. Learn more at https://insurance.cywarden.com/event-insurance.","Event Insurance","wedding, cancellation, vendor, deposit"
"Are my parents covered if they have an accident while visiting me from India in the UK?","Your parents would need a 'Visitor Insurance' policy, as their domestic Indian health plan won't cover them in the UK. We offer short-term visitor policies that cover medical emergencies during their stay. Call us at +919417322364 to arrange coverage. Find out more at https://insurance.cywarden.com/visitor-insurance.","Travel Insurance","visitor insurance, parents travel, international medical"
"Is my company protected if an employee's actions lead to a major data breach?","Yes, our Cyber Insurance policies include coverage for employee error or malicious actions that lead to a data breach. This covers forensic investigation, legal fees, and customer notification costs. Protect your business by calling +918126386221. Learn more at https://insurance.cywarden.com/cyber-insurance.","Cyber Insurance","employee error, insider threat, data breach, cyber liability"
"Does my business policy cover brand reputation damage after a negative viral social media event?","Standard policies do not cover this. We offer a 'Brand Reputation Protection' rider that provides funds for a PR firm to manage the crisis and mitigate damage from negative publicity. To learn more, contact our commercial team at +919417322364 or visit https://insurance.cywarden.com/business-insurance.","Business Insurance","reputation risk, brand damage, PR crisis, social media"
"I'm buying a flat in a high-rise. What specific insurance do I need besides the society's policy?","The society's policy covers the building structure. You need an 'Apartment/Flat Owners' policy to cover the contents of your home, renovations, and personal liability. This is crucial for protecting your assets inside the flat. Call us at +919417322364 for details. Learn more at https://insurance.cywarden.com/home-insurance.","Home Insurance","apartment, flat, contents insurance, society insurance"
"What is 'key person' insurance and why does my startup need it?","'Key Person' insurance is a life or disability policy taken out by a business on a crucial founder or employee. If that person passes away or becomes disabled, the policy payout helps the company survive the loss and manage the transition. Protect your startup's future by calling +918126386221. See more at https://insurance.cywarden.com/business-insurance.","Business Insurance","key person, key man, startup, founder"
"Does my travel insurance cover my laptop and phone if they are stolen?","Yes, most of our travel insurance plans include a 'Baggage and Personal Effects' benefit that covers theft of electronics up to a specified limit. For high-value items, we recommend a separate gadget insurance policy. Call us at +919417322364 to compare options. Read more at https://insurance.cywarden.com/travel-insurance.","Travel Insurance","gadget, electronics theft, baggage, laptop"
"If I have a claim, can I choose my own car repair shop?","Yes, with our auto policies, you have the flexibility to choose your preferred repair shop. We also have a network of partner garages that offer cashless service and a lifetime guarantee on repairs. To find a network garage, call +918126386221 or visit https://insurance.cywarden.com/claims.","Claims","repair shop, garage network, cashless claim, auto repair"
"Is my home office setup covered under my home insurance?","Standard homeowners insurance offers very limited coverage (typically around $2,500) for business equipment. We recommend a 'Home Office Endorsement' to adequately cover your computers, printers, and other professional gear. Call +919417322364 to add this protection. Learn more at https://insurance.cywarden.com/home-insurance.","Home Insurance","home office, business equipment, work from home"
"What is a 'hospital cash benefit' in a health policy?","A 'hospital cash benefit' provides you with a fixed amount of money for each day you are hospitalized. This can be used to cover miscellaneous expenses not covered by your main health policy, like food or transportation for your family. To add this benefit, call +918126386221. Find out more at https://insurance.cywarden.com/health-insurance.","Health Insurance","hospital cash, daily benefit, add-on"
"My farm's crops were destroyed by unseasonal hail. Is this covered?","Yes, this is precisely what our 'Crop Insurance' is for. It protects farmers against yield losses due to adverse weather conditions like hail, drought, and floods, based on government schemes like PMFBY. Call our agricultural team at +919417322364 for details. Learn more at https://insurance.cywarden.com/agricultural-insurance.","Agricultural Insurance","crop insurance, PMFBY, hail, weather risk"
"Is there insurance for livestock like cattle and poultry?","Absolutely. We offer 'Livestock Insurance' that provides coverage against the death of livestock due to accidents, diseases, or natural calamities. This is vital for protecting the financial stability of your farm. Contact our rural insurance experts at +918126386221. Read more at https://insurance.cywarden.com/agricultural-insurance.","Agricultural Insurance","livestock, cattle, poultry, animal husbandry"
"If I cancel my credit card, does it affect my credit protection insurance?","Credit protection insurance is tied to a specific card or loan. If you cancel the card, the associated insurance policy is also terminated. Before cancelling, please call our financial services team at +919417322364 to understand any implications. Learn more at https://insurance.cywarden.com/identity-protection.","Identity Protection","credit protection, credit card, loan insurance"
"Does my company's Directors & Officers (D&O) liability policy cover regulatory fines?","Yes, our D&O policies can be structured to cover fines and penalties levied by regulatory bodies, subject to legal permissibility. This protects your leadership from personal liability arising from management decisions. Contact our corporate team at +918126386221. Learn more at https://insurance.cywarden.com/professional-liability.","Professional Liability","D&O, directors and officers, regulatory fines, management liability"
"Are clinical trials covered by my health insurance?","Coverage for clinical trials varies. Our specialized health policies can cover costs associated with participating in approved clinical trials for critical illnesses. Pre-authorization is required. Call our health benefits team at +919417322364 for a consultation. Read more at https://insurance.cywarden.com/health-insurance.","Health Insurance","clinical trial, experimental treatment, research"
"My art gallery is hosting a visiting exhibition. How do I insure the art?","For temporary exhibitions, you need a 'Fine Art & Specie' policy. This provides 'nail-to-nail' coverage, insuring the artwork from the moment it leaves the owner until it is returned, including transit and exhibition. Contact our collectibles experts at +918126386221. Learn more at https://insurance.cywarden.com/collectibles-insurance.","Collectibles Insurance","fine art, art gallery, exhibition, specie"
"What is 'second medical opinion' coverage in health insurance?","This is a valuable benefit in our health plans that allows you to consult with a second, often international, medical expert to review your diagnosis and treatment plan for a critical illness, at no extra cost. To use this service, call +919417322364. Find out more at https://insurance.cywarden.com/health-insurance.","Health Insurance","second medical opinion, expert opinion, diagnosis"
"Is my EV's charging cable covered if it's stolen from a public charging station?","Yes, our comprehensive EV insurance policies include coverage for theft of essential components like your portable charging cable and adapter. A police report is required to file a claim. Contact our EV specialists at +918126386221 for assistance. Learn more at https://insurance.cywarden.com/auto-insurance.","Auto Insurance","EV, electric vehicle, charging cable, theft"
"As a landlord, what insurance do I need for my rental property in India?","You need 'Landlord Insurance'. This policy covers you for property damage, loss of rent if the property becomes uninhabitable, and liability claims if a tenant is injured on your property. Protect your investment by calling +919417322364. Read more at https://insurance.cywarden.com/home-insurance.","Home Insurance","landlord insurance, rental property, loss of rent, liability"
"What is 'title insurance' and do I need it when buying a property in India?","'Title Insurance' protects you, the property owner, from financial loss due to defects in the property title, such as ownership disputes or property liens. It is highly recommended for peace of mind in any real estate transaction. Call us at +918126386221 for details. Learn more at https://insurance.cywarden.com/property-title-insurance.","Home Insurance","title insurance, property dispute, real estate, ownership"
"Does my personal accident policy cover temporary total disablement?","Yes, our personal accident policies provide a weekly income benefit if you are temporarily unable to work due to an accident. This helps cover your expenses during your recovery period. Call our team at +919417322364 to learn about the benefits. See more at https://insurance.cywarden.com/disability-insurance.","Disability Insurance","personal accident, temporary disablement, income benefit"
"I'm a senior citizen. Are there health plans designed for me?","Yes, we have 'Senior Citizen Health Insurance' plans designed specifically for individuals over 60. These plans have features like lower waiting periods for pre-existing diseases and cover age-related conditions. Call +918126386221 for a consultation. Learn more at https://insurance.cywarden.com/health-insurance.","Health Insurance","senior citizen, elderly care, retirement plan"
"Can I get insurance for a destination wedding in another country?","Absolutely. We offer 'Destination Wedding Insurance' that covers all the standard wedding risks, plus additional perils like travel cancellations, supplier issues in a foreign country, and guest liability. Call our event specialists at +919417322364. Read more at https://insurance.cywarden.com/event-insurance.","Event Insurance","destination wedding, international event, travel"
"If my flight is delayed overnight, does travel insurance cover my hotel stay?","Yes, the 'Trip Delay' benefit in our travel policies provides reimbursement for hotel accommodation and meals if your flight is delayed beyond a certain number of hours (typically 6-12). Contact our 24/7 travel assistance at +918126386221. Learn more at https://insurance.cywarden.com/travel-insurance.","Travel Insurance","trip delay, flight delay, hotel stay, reimbursement"
"What is 'Maternity Cover' in health insurance?","Maternity Cover is a benefit that covers expenses related to childbirth, including hospitalization, pre- and post-natal care, and in some plans, newborn baby cover. It typically has a waiting period of 2-4 years. Call +919417322364 to learn more. Find out more at https://insurance.cywarden.com/health-insurance.","Health Insurance","maternity cover, pregnancy, childbirth, newborn"
"Is my company covered if we have to recall a faulty product?","Standard liability insurance does not cover this. You need a 'Product Recall Insurance' policy, which covers the costs of recalling a product, including logistics, customer notifications, and replacement. Protect your business by calling +918126386221. Learn more at https://insurance.cywarden.com/business-insurance.","Business Insurance","product recall, product liability, manufacturing defect"
"If I am working on a major film production, what kind of insurance is needed?","Film productions require 'Film Production Insurance'. This is a package policy that covers cast, crew, equipment, sets, and protects against production delays or cancellations for a wide variety of reasons. Contact our media team at +919417322364 for a quote. Read more at https://insurance.cywarden.com/entertainment-insurance.","Event Insurance","film production, entertainment, cast insurance, media"
"Does my business interruption insurance cover closure due to a pandemic?","Standard business interruption policies often exclude pandemics. We offer specific riders or standalone 'Pandemic Business Interruption' policies that can provide coverage for such events. Please call our commercial team at +918126386221 to discuss this critical protection. Learn more at https://insurance.cywarden.com/business-insurance.","Business Insurance","pandemic, business interruption, epidemic, closure"
"Are my solar panels covered against damage from monkeys or other animals?","This can be a grey area in standard policies. Our 'Renewable Energy Equipment' endorsement for home insurance can be customized to include damage from animal interference, which is a common issue in many parts of India. Call us at +919417322364 to confirm. Learn more at https://insurance.cywarden.com/home-insurance.","Home Insurance","solar panels, animal damage, monkey menace, rider"
"What is 'Political Risk Insurance' for a business operating overseas?","'Political Risk Insurance' protects your business against losses due to political events like expropriation of assets by a foreign government, political violence, or currency inconvertibility. This is essential for any Indian company with international operations. Call +918126386221 to learn more. Read more at https://insurance.cywarden.com/business-insurance.","Business Insurance","political risk, international business, expropriation"
"I have a large collection of Indian contemporary art. How is it valued for insurance?","For art collections, we recommend a specialized 'Fine Art Policy' based on an 'Agreed Value'. This means we agree on the value of each piece at the start of the policy, often based on a professional appraisal, so there are no disputes at the time of a claim. Contact our collectibles team at +919417322364. Learn more at https://insurance.cywarden.com/collectibles-insurance.","Collectibles Insurance","art collection, agreed value, appraisal, contemporary art"
"My travel agent went bankrupt. Can I recover my holiday booking costs?","Yes, if your travel insurance policy includes 'Supplier Default' coverage. This specific benefit is designed to protect you against financial loss if your tour operator, airline, or travel agent ceases business operations. Check your policy or call us at +919417322364 to add this cover. Learn more at https://insurance.cywarden.com/travel-insurance.","Travel Insurance","supplier default, bankruptcy, travel agent, financial protection" 