user_id,name,email,phone,Address,location,Passwords
USR1000,Jeffrey Fitzgerald,paulhughes@hotmail.com,877.425.5824x331,"123 Main St, Thompsonshire",Thompsonshire,Jeffrey@123
USR1001,Tiffany Mendez,torreskatie@stone.info,916.577.0100x7304,"456 Oak Ave, Clarkton",Clarkton,Tiffany@456
USR1002,Jenna Weaver,john29@hotmail.com,001-431-700-9366x446,"789 Pine Rd, West Rebecca",West Rebecca,Jenna@789
USR1003,Troy Mahoney,vle@wong.com,6322192111,"321 Elm St, North Nicole",North Nicole,Troy@101
USR1004,Stephanie Ferguson,rblevins@hotmail.com,+1-745-105-4023x4769,"654 Maple Dr, Jamesfort",Jamesfort,Stephanie@202
USR1005,Olivia Solomon,boydconnie@sanchez.com,(881)274-7172x762,"987 Cedar Ln, Sonyaberg",Sonyaberg,Olivia@303
USR1006,Peter Francis,christianbrown@yahoo.com,001-239-520-1420x250,"111 Birch Blvd, Lake Laurenside",Lake Laurenside,Peter@404
USR1007,Adam Becker,patrickwiggins@hotmail.com,957-948-3507x21562,"222 Spruce Way, Sarahfurt",Sarahfurt,Adam@505
USR1008,Dr. Stacey Higgins,kevin31@yahoo.com,(868)496-2971,"333 Willow Ct, Davidfurt",Davidfurt,Stacey@606
USR1009,William Martinez,paul46@jackson-rice.com,999.328.8977x070,"444 Cherry Ave, Derekstad",Derekstad,William@707
USR1010,James Krueger,pamela37@yahoo.com,001-547-671-8964x884,"555 Magnolia Dr, Ryanborough",Ryanborough,James@808
USR1011,Tiffany Nelson,travisosborne@yahoo.com,987-359-8796x1782,"666 Juniper Ln, East Timothyberg",East Timothyberg,Tiffany@909
USR1012,Shawn Ortega,tracyfarmer@powers.org,924.154.2663x39030,"777 Sycamore St, Howelltown",Howelltown,Shawn@121
USR1013,Paul Glover,wrogers@hotmail.com,5001972040,"888 Poplar Way, Dawnfort",Dawnfort,Paul@232
USR1014,Amanda Obrien,nmathis@page-massey.com,001-047-344-4942x77752,"999 Aspen Ct, Russellburgh",Russellburgh,Amanda@343
USR1015,Christopher Young,levinejorge@winters.info,001-804-444-2855x85911,"111 Palm Blvd, South Thomas",South Thomas,Christopher@454
USR1016,Samuel Martinez,murillogwendolyn@hotmail.com,633-701-8857x9297,"222 Redwood Ave, West Danielleberg",West Danielleberg,Samuel@565
USR1017,Paul Nguyen,susanbaker@hotmail.com,+1-070-297-1517x914,"333 Sequoia Dr, Dianashire",Dianashire,Paul@676
USR1018,Spencer Reynolds,dcarpenter@hotmail.com,(115)365-6630x8194,"444 Cypress Ln, Johnview",Johnview,Spencer@787
USR1019,Natasha Hall,leroysmith@yahoo.com,6231811620,"555 Dogwood St, Turnermouth",Turnermouth,Natasha@898
USR1020,Wyatt Porter,jonathan79@gmail.com,029.353.8545x7945,"666 Fir Way, Port Sheilahaven",Port Sheilahaven,Wyatt@919
USR1021,Stephanie Wood,vyork@miles.biz,(549)732-3941x6603,"777 Hemlock Ct, Youngville",Youngville,Stephanie@202
USR1022,John Luna,logandavid@yahoo.com,147-311-8418x65297,"888 Linden Blvd, North Autumnfort",North Autumnfort,John@313
USR1023,Sarah White,brandonmorgan@duncan.org,141.354.2110,"999 Acacia Ave, East Patriciaview",East Patriciaview,Sarah@424
USR1024,George Jackson,joshua92@brown.com,(602)962-3827x04804,"111 Olive Dr, East Deborahburgh",East Deborahburgh,George@535
USR1025,Diane Rivera,kfleming@yahoo.com,(137)893-5553x384,"222 Pecan Ln, Jenniferstad",Jenniferstad,Diane@646
USR1026,Matthew Thomas,annalee@hotmail.com,+1-516-002-9001x4881,"333 Spruce St, North Natalieberg",North Natalieberg,Matthew@757
USR1027,Stephanie Kelley,fosterdavid@roberts.info,709.194.9070x762,"444 Chestnut Way, Frankmouth",Frankmouth,Stephanie@868
USR1028,Carrie Obrien,smithamber@hotmail.com,856.734.3982,"555 Beech Ct, North Paigeville",North Paigeville,Carrie@979
USR1029,James Thompson,eugenepope@gmail.com,+1-208-402-8627x706,"666 Walnut Blvd, Port Holly",Port Holly,James@090
USR1030,Richard Shelton,ballardsheila@yahoo.com,674-837-5066,"777 Hickory Ave, Smithmouth",Smithmouth,Richard@111
USR1031,Gerald Callahan,jacobcarr@hotmail.com,(229)504-0677x1162,"888 Alder Dr, Amandamouth",Amandamouth,Gerald@222
USR1032,Julia Fischer,vegalisa@hotmail.com,001-375-283-4774x4355,"999 Pinecone Ln, Nolanside",Nolanside,Julia@333
USR1033,Yolanda Martinez,heather95@hotmail.com,6030816240,"111 Oakleaf St, Andreaborough",Andreaborough,Yolanda@444
USR1034,Sandra Fischer,daviscathy@herrera.com,619.129.7346x6986,"222 Maplewood Way, Lake Malik",Lake Malik,Sandra@555
USR1035,Stephanie Alexander,paynejames@coleman.info,001-442-704-5595x180,"333 Cedarhill Ct, South Cynthiafort",South Cynthiafort,Stephanie@666
USR1036,Arthur Chapman,erogers@hotmail.com,613.710.7293,"444 Elmwood Blvd, East Mathewton",East Mathewton,Arthur@777
USR1037,Diane Gilbert,flowersmegan@hotmail.com,-7869,"555 Birchwood Ave, North Jimmyborough",North Jimmyborough,Diane@888
USR1038,Richard Morgan,plopez@hotmail.com,997974909,"666 Willowway Dr, Hallside",Hallside,Richard@999
USR1039,Paul Lawson Jr.,brucebell@baker.biz,575-380-8645x28350,"777 Cherrywood Ln, Wilsonside",Wilsonside,Paul@010
USR1040,Mr. Thomas Davis,katie25@gmail.com,(757)847-0215x2582,"888 Magnolia St, Port Mandyberg",Port Mandyberg,Thomas@121
USR1041,Katherine Perry,jessicachapman@gmail.com,001-944-260-5612x85031,"999 Juniper Way, North Jamie",North Jamie,Katherine@232
USR1042,Fred Roberts,wendymiles@jones-elliott.com,001-786-719-6886x5961,"111 Sycamore Ct, East Jamesburgh",East Jamesburgh,Fred@343
USR1043,Mitchell English,qblankenship@white.info,940.983.4013x68744,"222 Poplar Blvd, North Matthewland",North Matthewland,Mitchell@454
USR1044,Sandra Bass,allennathan@fields.org,474.106.2476x336,"333 Aspen Ave, Baileyside",Baileyside,Sandra@565
USR1045,Amy Wilcox,sarahjones@hotmail.com,802-020-0885x9817,"444 Palm Dr, Combsshire",Combsshire,Amy@676
USR1046,Mark Carey,tylerjames@yahoo.com,(225)239-4107x192,"555 Redwood Ln, Port Carla",Port Carla,Mark@787
USR1047,Kevin Williams,william97@bryant.com,+1-628-473-5283x11444,"666 Sequoia St, Dylanfort",Dylanfort,Kevin@898
USR1048,Michael Young,jenkinserin@yahoo.com,5979024158,"777 Cypress Way, East Susanside",East Susanside,Michael@909
USR1049,Destiny Reynolds,michaeljones@knapp-juarez.biz,001-668-497-0695x39423,"888 Dogwood Ct, Danielleport",Danielleport,Destiny@010
USR1050,Pamela Farmer,jenniferhernandez@gmail.com,(940)874-2781x4446,"999 Fir Blvd, Millerchester",Millerchester,Pamela@121
USR1051,Candace Young,tbutler@ruiz-owens.com,607019770,"111 Hemlock Ave, Mcguireland",Mcguireland,Candace@232
USR1052,Leah Gay,kathleenwebb@gmail.com,001-601-708-8989x0497,"222 Linden Dr, Cantustad",Cantustad,Leah@343
USR1053,Joseph Simon,crystalcoleman@hotmail.com,(804)284-4974,"333 Acacia Ln, Port Jenniferfurt",Port Jenniferfurt,Joseph@454
USR1054,Kimberly Curtis,bsmith@brooks.com,176-467-0867,"444 Olive St, Lake Anitaville",Lake Anitaville,Kimberly@565
USR1055,William Rodriguez,thomas32@hotmail.com,(823)360-3403x663,"555 Pecan Way, Meganton",Meganton,William@676
USR1056,Dean Martinez,joneslisa@gmail.com,001-039-846-0420x016,"666 Spruce Ct, North Sabrina",North Sabrina,Dean@787
USR1057,Joseph Liu,diane99@hotmail.com,631-758-5676x5973,"777 Chestnut Blvd, Lorichester",Lorichester,Joseph@898
USR1058,Dylan Jenkins,leahmoran@gmail.com,+1-854-479-3138x0458,"888 Beech Ave, North Williamburgh",North Williamburgh,Dylan@909
USR1059,Daniel Garcia,paul52@blackwell.info,(239)493-4964,"999 Walnut Dr, Jacquelinehaven",Jacquelinehaven,Daniel@010
USR1060,Angela Rios,justinshaw@hotmail.com,310-848-0782,"111 Hickory Ln, South Susan",South Susan,Angela@121
USR1061,Dawn Harmon,cgomez@anderson.com,968-762-0528,"222 Alder St, North Susan",North Susan,Dawn@232
USR1062,Emily Jones,hallamanda@gmail.com,(969)528-2720x3200,"333 Pinecone Way, Smithfort",Smithfort,Emily@343
USR1063,Raymond Martinez,edgar69@simon.info,934-419-0122x74306,"444 Oakleaf Ct, Williamsstad",Williamsstad,Raymond@454
USR1064,Abigail Compton,torresjuan@gmail.com,918-855-2083x9684,"555 Maplewood Blvd, Perezhaven",Perezhaven,Abigail@565
USR1065,Sabrina Richardson,michelecarpenter@gmail.com,+1-656-298-6955x425,"666 Cedarhill Ave, Port Michaelside",Port Michaelside,Sabrina@676
USR1066,Lisa Johnson,diazjames@burns.biz,776-372-5666x7376,"777 Elmwood Dr, West Christine",West Christine,Lisa@787
USR1067,Edward Williams,gyoung@hotmail.com,(249)159-8686x0640,"888 Birchwood Ln, Port Meagan",Port Meagan,Edward@898
USR1068,Nathan Rodriguez,marthamccall@allen-hardy.com,(298)565-4125,"999 Willowway St, Williamhaven",Williamhaven,Nathan@909
USR1069,Kaitlyn Harris,carlos70@gmail.com,681.963.2306,"111 Cherrywood Way, South Patrick",South Patrick,Kaitlyn@010
USR1070,Jared Brown,hicksashley@hotmail.com,001-732-145-5018,"222 Magnolia Ct, Briantown",Briantown,Jared@121
USR1071,Robin Kennedy,melinda90@harris.net,968-550-2979,"333 Juniper Blvd, Port Kristifurt",Port Kristifurt,Robin@232
USR1072,Krista Johnson,steinlinda@hotmail.com,086.236.5495x7778,"444 Sycamore Ave, North Robert",North Robert,Krista@343
USR1073,Sandra Clark,erica19@simmons.info,(011)442-4118x324,"555 Poplar Dr, West Rebeccachester",West Rebeccachester,Sandra@454
USR1074,Lauren Kemp,sandra98@mitchell.org,954.984.9768,"666 Aspen Ln, West Leslie",West Leslie,Lauren@565
USR1075,Rachel Edwards,lauriebarajas@zimmerman.com,(715)103-5933x5045,"777 Palm St, Port Amber",Port Amber,Rachel@676
USR1076,Terry Solomon,tanya12@yahoo.com,(686)727-1972x8394,"888 Redwood Way, Lake Jason",Lake Jason,Terry@787
USR1077,Rachel Frazier,cjuarez@hotmail.com,169.167.2043x4070,"999 Sequoia Ct, Kramerport",Kramerport,Rachel@898
USR1078,Shawna Smith,allencarolyn@gmail.com,774.211.2441x7151,"111 Cypress Blvd, Wigginsville",Wigginsville,Shawna@909
USR1079,Robert Kline,jefferyflores@allen.com,743.745.2507x9649,"222 Dogwood Ave, Port Dennisburgh",Port Dennisburgh,Robert@010
USR1080,Samuel Contreras,melissawalsh@hotmail.com,772.668.6234,"333 Fir Dr, Jonathanville",Jonathanville,Samuel@121
USR1081,Ryan Bell,victoria12@gmail.com,(020)798-3999x43206,"444 Hemlock Ln, Melaniehaven",Melaniehaven,Ryan@232
USR1082,Ruth Roberts,williamwright@bennett.com,001-709-398-0633x249,"555 Linden St, South Kristie",South Kristie,Ruth@343
USR1083,Spencer Haley,lisacohen@gmail.com,+1-857-143-4011x7382,"666 Acacia Way, Adkinsville",Adkinsville,Spencer@454
USR1084,Jessica Willis DDS,janetbennett@yahoo.com,5672640154,"777 Olive Ct, Estesside",Estesside,Jessica@555
USR1085,Erika Kim,douglas96@yahoo.com,001-564-260-4761x0897,"888 Pecan Blvd, East Sarahchester",East Sarahchester,Erika@666
USR1086,John Mcfarland,gina67@estrada-anderson.com,001-842-412-3787,"999 Spruce Ave, Steveview",Steveview,John@777
USR1087,Brian Cross,sawyersydney@harris-fuller.com,906.365.4139,"111 Chestnut Dr, Jessicastad",Jessicastad,Brian@888
USR1088,Danielle Walker,novakpatricia@gomez.com,001-390-871-2502,"222 Beech Ln, Michaelborough",Michaelborough,Danielle@999
USR1089,Doris Frazier,pwilcox@white.com,+1-393-804-5837x47991,"333 Walnut St, North Dawn",North Dawn,Doris@010
USR1090,Carolyn Larson,mcgeepreston@dunn.org,399.922.8454x0233,"444 Hickory Way, Rojasstad",Rojasstad,Carolyn@121
USR1091,David Smith,rachelsilva@haynes.com,777.858.1006,"555 Alder Ct, West Emily",West Emily,David@232
USR1092,Joseph Cannon,qsparks@christian.net,(916)412-4931x908,"666 Pinecone Blvd, North Emily",North Emily,Joseph@343
USR1093,Mrs. Annette Cruz DVM,smoore@allen.com,572.282.5168x5964,"777 Oakleaf Ave, Colemanfurt",Colemanfurt,Annette@454
USR1094,Kathryn Soto,johnwhitaker@johnson-roberts.info,791.332.1343,"888 Maplewood Dr, Ellischester",Ellischester,Kathryn@565
USR1095,Dr. Amy Mendez,davidtapia@hogan-allen.com,(975)283-3441x03576,"999 Cedarhill Ln, Warrenfurt",Warrenfurt,Amy@676
USR1096,Joanne Watts,kristen60@gmail.com,384-112-2323x063,"111 Elmwood St, Rebeccaville",Rebeccaville,Joanne@787
USR1097,Joseph Smith,pagedaniel@yahoo.com,001-336-382-4240x3138,"222 Birchwood Way, North Josephmouth",North Josephmouth,Joseph@898
USR1098,Jesse Martin,bradleymartinez@hernandez-chan.com,117.729.9100x2116,"333 Willowway Ct, West Jamiemouth",West Jamiemouth,Jesse@909
USR1099,Nancy Rivera,curtis70@gmail.com,001-821-577-9449x2755,"444 Cherrywood Blvd, South Pamelashire",South Pamelashire,Nancy@010
USR1100,Phillip Huber,herreradeanna@hotmail.com,719.233.6370x2787,"555 Magnolia Ave, Villarrealhaven",Villarrealhaven,Phillip@121
USR1101,Miss Melanie Richards,robertroberts@cole.com,328-972-1350x014,"666 Juniper Dr, Michellefort",Michellefort,Melanie@232
USR1102,Nancy Kline,traceyward@hotmail.com,-1680,"777 Sycamore Ln, Maldonadochester",Maldonadochester,Nancy@343
USR1103,Amanda Rodriguez,martincalvin@johnson-pruitt.info,441.068.4855,"888 Poplar St, Lake Joseph",Lake Joseph,Amanda@454
USR1104,Michele Jones,sharon11@hotmail.com,(689)947-4428x6952,"999 Aspen Way, East Joshua",East Joshua,Michele@565
USR1105,Sharon Burton,blake68@gmail.com,600.152.6668,"111 Palm Ct, Obrienview",Obrienview,Sharon@676
USR1106,Mrs. Betty Fields,chanjonathan@hotmail.com,001-447-399-6084x1403,"222 Redwood Blvd, Lake Samantha",Lake Samantha,Betty@787
USR1107,Kathryn Wall,alexandernorton@hebert.biz,001-845-794-5097,"333 Sequoia Ave, South Michael",South Michael,Kathryn@898
USR1108,Linda Irwin MD,ocollier@martin.com,281-781-7785,"444 Cypress Dr, East Malloryburgh",East Malloryburgh,Linda@909
USR1109,Robert Rangel,kennethtorres@gmail.com,(086)612-8514x86487,"555 Dogwood Ln, Jenkinsshire",Jenkinsshire,Robert@010
USR1110,Jennifer Perez,woodardsergio@gmail.com,6947787204,"666 Fir St, West Amandachester",West Amandachester,Jennifer@121
USR1111,Gina Villegas,fbrown@gmail.com,001-653-413-6181x41170,"777 Hemlock Way, Port Jason",Port Jason,Gina@232
USR1112,Theresa Wolfe,smithdaniel@dillon.info,177.270.7652x6646,"888 Linden Ct, Michaelland",Michaelland,Theresa@343
USR1113,Tonya Hansen,holly44@hotmail.com,001-459-705-3059x61887,"999 Acacia Blvd, Port Matthewbury",Port Matthewbury,Tonya@454
USR1114,Valerie Jackson,murphyfernando@hotmail.com,+1-863-114-6667x452,"111 Olive Ave, Douglasmouth",Douglasmouth,Valerie@565
USR1115,Stephen Duncan,michaelyang@yahoo.com,001-164-599-5500,"222 Pecan Dr, New Williamborough",New Williamborough,Stephen@676
USR1116,Ronald Dennis,justinjuarez@roberts.com,001-880-792-1883x46875,"333 Spruce Ln, West Ianmouth",West Ianmouth,Ronald@787
USR1117,Shawn Murphy,ghernandez@yahoo.com,001-933-223-6675x085,"444 Chestnut St, Kathrynchester",Kathrynchester,Shawn@898
USR1118,Daniel Raymond,kelly13@yahoo.com,(755)648-7829,"555 Beech Way, Port Meghan",Port Meghan,Daniel@909
USR1119,Jesse Roy,angela05@kennedy.com,(722)783-3832,"666 Walnut Ct, Palmerfurt",Palmerfurt,Jesse@010
USR1120,Tammie Jackson,katierodriguez@anderson-mitchell.info,(288)348-2934,"777 Hickory Blvd, Georgeborough",Georgeborough,Tammie@121
USR1121,Allison Williams,phamilton@cruz.com,2771464718,"888 Alder Ave, West Brittanyton",West Brittanyton,Allison@232
USR1122,William Blake,chandlerbrady@gmail.com,456727063,"999 Pinecone Dr, Port Richard",Port Richard,William@343
USR1123,Angela Garza,hhunter@gmail.com,(748)166-9617,"111 Oakleaf Ln, New Jessicaview",New Jessicaview,Angela@454
USR1124,William Mann,jim54@mason-morales.com,(117)199-1008,"222 Maplewood St, New Vernonport",New Vernonport,William@565
USR1125,Frank Baldwin,robertdaniel@bradley.com,001-165-143-6019x8938,"333 Cedarhill Way, Jasonberg",Jasonberg,Frank@676
USR1126,Luis Prince,tuckerholly@hendricks.biz,001-071-015-6221x7877,"444 Elmwood Ct, Marthafort",Marthafort,Luis@787
USR1127,Anthony Lawrence,cindy63@gmail.com,(426)120-1183x101,"555 Birchwood Blvd, South Holly",South Holly,Anthony@898
USR1128,Edward Townsend,xpaul@gmail.com,364.827.0134,"666 Willowway Ave, Lorimouth",Lorimouth,Edward@909
USR1129,Gregory Lin,odouglas@jordan-estrada.com,001-307-059-9012,"777 Cherrywood Dr, Martinshire",Martinshire,Gregory@010
USR1130,Ronald Gonzalez,hamiltonmonica@yahoo.com,2665312061,"888 Magnolia Ln, South Juliestad",South Juliestad,Ronald@121
USR1131,Craig Saunders,maysmichele@gmail.com,001-687-758-1515x448,"999 Juniper St, Lauraview",Lauraview,Craig@232
USR1132,Brenda Lee,brittney69@perry.net,+1-843-369-8390x88670,"111 Sycamore Way, Mcdonaldbury",Mcdonaldbury,Brenda@343
USR1133,Matthew Lee,davidsmith@yahoo.com,001-506-267-7691,"222 Poplar Ct, Julieburgh",Julieburgh,Matthew@454
USR1134,Sara Mendoza,bradley20@anderson-simmons.biz,629-029-7331x24411,"333 Aspen Blvd, Port Anthony",Port Anthony,Sara@565
USR1135,Megan Holloway,jparker@yahoo.com,(746)507-4207x611,"444 Palm Ave, Port Seanstad",Port Seanstad,Megan@676
USR1136,Jesse Stanley,erica50@hamilton.com,452.870.4370x80396,"555 Redwood Dr, Doyleshire",Doyleshire,Jesse@787
USR1137,Lisa Klein,matthew19@elliott.com,(924)115-7157x041,"666 Sequoia Ln, Martinstad",Martinstad,Lisa@898
USR1138,Ricardo Clarke,baileyadam@lamb.com,646.072.4418x89440,"777 Cypress St, Claytonfort",Claytonfort,Ricardo@909
USR1139,Stephen Jennings,joneskatherine@bauer-ramos.org,001-519-982-7922,"888 Dogwood Way, Vasquezville",Vasquezville,Stephen@010
USR1140,Matthew Mcknight,andrewlee@yahoo.com,062-830-9321,"999 Fir Ct, Pamelachester",Pamelachester,Matthew@121
USR1141,Tina Cole,nchristian@hotmail.com,001-056-792-4403x743,"111 Hemlock Blvd, South Frankstad",South Frankstad,Tina@232
USR1142,Michael Wilcox,richardturner@cox.com,365.942.7687x9387,"222 Linden Ave, New Adam",New Adam,Michael@343
USR1143,Ashley Long,robertfarley@yahoo.com,001-013-277-2158x416,"333 Acacia Dr, Lake Larry",Lake Larry,Ashley@454
USR1144,Scott Quinn,whowell@hotmail.com,326-530-4173x29176,"444 Olive Ln, Ortizbury",Ortizbury,Scott@565
USR1145,Lisa Pitts,jacqueline82@gmail.com,+1-988-487-2466x30382,"555 Pecan St, Patriciachester",Patriciachester,Lisa@676
USR1146,Robert Webb,wyoung@gmail.com,1646292564,"666 Spruce Way, Port Joshuaside",Port Joshuaside,Robert@787
USR1147,Jeffrey Craig,amandaterry@gmail.com,698.625.9149x27953,"777 Chestnut Ct, Jonestown",Jonestown,Jeffrey@898
USR1148,Louis Taylor,patriciapotter@yahoo.com,9436346709,"888 Beech Blvd, Port Alecberg",Port Alecberg,Louis@909
USR1149,Tiffany Williams,phamilton@gmail.com,985-473-6811x047,"999 Walnut Ave, Norrisburgh",Norrisburgh,Tiffany@010
USR1150,Amber Harris,david52@henry.com,260.304.3817x18388,"111 Hickory Dr, New Michael",New Michael,Amber@121
USR1151,Meredith Steele,erik16@gmail.com,643-866-8974,"222 Alder Ln, New Glennfurt",New Glennfurt,Meredith@232
USR1152,James French,fbishop@hernandez-brown.biz,(007)393-8091x04461,"333 Pinecone St, New Ronaldville",New Ronaldville,James@343
USR1153,Suzanne Nelson,denisebanks@thomas.net,(315)447-3280,"444 Oakleaf Way, Christopherside",Christopherside,Suzanne@454
USR1154,Randy Scott,bthomas@massey.com,105-809-9136x861,"555 Maplewood Ct, West Melissa",West Melissa,Randy@565
USR1155,Austin Greer,marylewis@gmail.com,(539)855-3167,"666 Cedarhill Blvd, East Catherine",East Catherine,Austin@676
USR1156,Mr. Vincent Andrade DVM,bryan90@gmail.com,241.672.4263x7790,"777 Elmwood Ave, West Jenniferfort",West Jenniferfort,Vincent@787
USR1157,James Hernandez,staceyreeves@yahoo.com,821-662-9678x04155,"888 Birchwood Dr, South Maryport",South Maryport,James@898
USR1158,David Clarke,betty59@ruiz.com,242.716.0627,"999 Willowway Ln, New Tannerside",New Tannerside,David@909
USR1159,George Wise,yangalison@cooper.com,4401811761,"111 Cherrywood St, Richardfort",Richardfort,George@010
USR1160,Craig Harrington,alyssaperkins@yahoo.com,454-477-3177x0023,"222 Magnolia Way, South Danielle",South Danielle,Craig@121
USR1161,Jennifer Wagner,keithjones@gmail.com,034-951-8588x964,"333 Juniper Ct, Port Martinberg",Port Martinberg,Jennifer@232
USR1162,Jennifer White,davisryan@gmail.com,750-545-4828,"444 Sycamore Blvd, East Stephaniechester",East Stephaniechester,Jennifer@343
USR1163,Margaret Carroll,wilsonjason@hotmail.com,308-212-1188x95178,"555 Poplar Ave, East Lindsey",East Lindsey,Margaret@454
USR1164,Theodore Gates,ucasey@mccullough.com,674.153.0466x57717,"666 Aspen Dr, East Shannonmouth",East Shannonmouth,Theodore@565
USR1165,Erika Sanders,jonesanthony@oliver.biz,552-700-7017,"777 Palm Ln, Jenniferberg",Jenniferberg,Erika@676
USR1166,Jasmine Perez,ballardtina@robertson.info,+1-057-128-2656x6569,"888 Redwood St, North Henryburgh",North Henryburgh,Jasmine@787
USR1167,Don Hurst,gestrada@yahoo.com,(088)182-5843x82600,"999 Sequoia Way, Cunninghamside",Cunninghamside,Don@898
USR1168,Melvin Hardin,josephkemp@holland-rodgers.com,(031)843-1506,"111 Cypress Ct, West Jenniferview",West Jenniferview,Melvin@909
USR1169,Willie Bradley,jwells@hotmail.com,3523236379,"222 Dogwood Blvd, North Nicolehaven",North Nicolehaven,Willie@010
USR1170,Matthew Pratt,lawrencemary@henry.com,+1-307-587-7923x0974,"333 Fir Ave, West Heather",West Heather,Matthew@121
USR1171,Jennifer Hatfield,jason56@johnson.com,001-550-940-4185x59638,"444 Hemlock Dr, North Kelly",North Kelly,Jennifer@232
USR1172,Adrian Smith,deborahmartin@powell-may.com,-7535,"555 Linden Ln, Amandafurt",Amandafurt,Adrian@343
USR1173,Jeremy Montgomery,iwhite@perez.info,169-687-7423,"666 Acacia St, Lake Angelatown",Lake Angelatown,Jeremy@454
USR1174,Rebecca Palmer,robertstodd@thomas.com,571-622-3128,"777 Olive Way, South Barbara",South Barbara,Rebecca@565
USR1175,Theresa Landry,ashleyjones@hotmail.com,192.147.6927x735,"888 Pecan Ct, Lake Curtisport",Lake Curtisport,Theresa@676
USR1176,Derek Lopez,robinsonronald@brown-stout.net,(399)960-1641x879,"999 Spruce Blvd, New Julia",New Julia,Derek@787
USR1177,Albert Costa,sandersjodi@lawson.org,719-385-4497x57302,"111 Chestnut Ave, Lake Kimberlyport",Lake Kimberlyport,Albert@898
USR1178,Melissa Young,xlawson@gmail.com,(341)258-2171x98671,"222 Beech Dr, East Jennifer",East Jennifer,Melissa@909
USR1179,Brian Flynn,walter23@whitaker-hughes.com,001-709-111-6631,"333 Walnut Ln, Juarezmouth",Juarezmouth,Brian@010
USR1180,Jennifer Velazquez,sheilasanders@lambert-smith.biz,(068)208-8244,"444 Hickory St, Obrienmouth",Obrienmouth,Jennifer@121
USR1181,Randy Lewis,lmiller@hotmail.com,692-635-7047x816,"555 Alder Way, Port Kimberly",Port Kimberly,Randy@232
USR1182,Daniel Pittman,mmoore@hart.info,(177)836-4733,"666 Pinecone Ct, Kelliefort",Kelliefort,Daniel@343
USR1183,William Curry,hayescaitlin@huang-stone.net,+1-640-237-0505x389,"777 Oakleaf Blvd, Clarkberg",Clarkberg,William@454
USR1184,Alan Fisher,christianwhite@yahoo.com,+1-427-655-0672x317,"888 Maplewood Ave, Lake Nicoleberg",Lake Nicoleberg,Alan@565
USR1185,Joshua Evans,pgarcia@fitzgerald-montes.biz,001-442-432-6365x782,"999 Cedarhill Dr, North Christina",North Christina,Joshua@676
USR1186,Chelsey Reid,harriscolton@yahoo.com,-2527,"111 Elmwood Ln, Calderonberg",Calderonberg,Chelsey@787
USR1187,Joseph Walton,rachel31@montoya.com,684.450.1819x9289,"222 Birchwood St, South Samantha",South Samantha,Joseph@898
USR1188,John Brady PhD,chelsea15@gmail.com,381-340-7491,"333 Willowway Way, West Brianaville",West Brianaville,John@909
USR1189,Andrew Mccarthy,xwilliams@peterson-ballard.com,205.782.1968x1256,"444 Cherrywood Ct, Port Ashleyfort",Port Ashleyfort,Andrew@010
USR1190,Denise Reeves,eric47@hotmail.com,001-769-250-4218x800,"555 Magnolia Blvd, Lake Nicholaschester",Lake Nicholaschester,Denise@121
USR1191,Ronald Perkins,dyeradam@gmail.com,(351)898-7322x76931,"666 Juniper Ave, West Robertside",West Robertside,Ronald@232
USR1192,Caitlin Meadows,mallorysimmons@hotmail.com,001-696-192-5862x1275,"777 Sycamore Dr, East Darrenshire",East Darrenshire,Caitlin@343
USR1193,Connie Lee,uadams@gmail.com,217.516.5888,"888 Poplar Ln, Janiceland",Janiceland,Connie@454
USR1194,Marc Strickland,kimberly02@gmail.com,414.087.6464,"999 Aspen St, New Timothyhaven",New Timothyhaven,Marc@565
USR1195,Austin Foster,jamessmith@gmail.com,001-735-806-7030x4268,"111 Palm Way, West Michelle",West Michelle,Austin@676
USR1196,Dawn Griffin,jordan27@hotmail.com,001-886-307-6905,"222 Redwood Ct, Justinmouth",Justinmouth,Dawn@787
USR1197,Gordon Brown,vayers@yahoo.com,001-698-115-0921,"333 Sequoia Blvd, Kristinehaven",Kristinehaven,Gordon@898
USR1198,Julie Parsons,dclark@hernandez.net,-7764,"444 Cypress Ave, Garciaport",Garciaport,Julie@909
USR1199,Rachel Oneill,corr@yahoo.com,865.125.6851,"555 Dogwood Dr, North Karenville",North Karenville,Rachel@010
USR1200,Parv Sablok,p.sablok@gmail.com,8765432199,"666 Fir Ln, India",India,Parv@1200
USR1201,Amit kumar,a.kumar@gmail.com,3456789123,"777 Hemlock St, India",India,Amit@1201
USR1202,Aayush Thakur,a.thakur@gmail.com,4321758392,"888 Linden Way, India",India,Aayush@1202
USR1203,Ishita Mishra ,i.mishra@gmail.com,987654321,"999 Acacia Ct, India",India,Ishita@1203
USR1204,Vipanshu Vashisht,v.vashisht@gmail.com,1234567890,"111 Olive Blvd, India",India,Vipanshu@1204
USR1205,Abhay Solanki,a.solanki@gmail.com,1234565432,"222 Pecan Ave, India",India,Abhay@1205
USR1206,Bhavjot Singh,b.singh@gmail.com,2143567809,"333 Spruce Dr, India",India,Bhavjot@1206
